tic_id,label,file_path,period_days,duration_days,duration_hours,transit_time,depth,depth_percent,snr,bls_power,n_points_used,n_in_transit_points,n_detected_transits,odd_even_depth_difference,secondary_eclipse_depth,v_shape_score,baseline_days,period_search_min_days,period_search_max_days
101230735,planet,backend/data/lightcurves/planets/TIC_101230735.csv,2.0688242061737974,0.03,0.72,1658.103563410428,0.00041997602378640586,0.041997602378640586,7.717789167233856,2.6220325247344743e-05,17222,231,12,1.683930174478654e-05,9.821657090181013e-05,0.0002543561366173952,25.332269121707213,0.5,12.666134560853607
107782586,planet,backend/data/lightcurves/planets/TIC_107782586.csv,1.9598087094148355,0.054,1.296,2229.2326129381972,0.0013036406155383373,0.13036406155383373,26.798824962402044,0.00041399155152456663,16914,466,13,2.9056090944390434e-05,9.512719155591043e-05,0.0006599127285800144,25.040493247089216,0.5,12.520246623544608
114018671,planet,backend/data/lightcurves/planets/TIC_114018671.csv,2.474209574854864,0.078,1.8719999999999999,2231.110281029967,0.00024142313548858318,0.02414231354885832,5.804983850758625,1.6116523664646595e-05,17010,504,10,6.276419639938968e-05,1.5560649647583524e-05,2.4330941142403084e-05,25.094392316633275,0.5,12.547196158316638
120247528,planet,backend/data/lightcurves/planets/TIC_120247528.csv,3.554090086802779,0.054,1.296,1655.3952981813263,0.007562391986932093,0.7562391986932093,52.08978063884324,0.008521994048947613,19438,305,8,0.00028797984713657687,-7.95952884221629e-05,0.0027597612158756224,28.435918617089783,0.5,14.217959308544891
144065872,planet,backend/data/lightcurves/planets/TIC_144065872.csv,2.184913659424344,0.105,2.52,1326.5047915348225,0.00570525861553195,0.570525861553195,61.62763059609578,0.001112630726057951,17477,71,13,0.0003381898387686544,0.00016465850066349486,,27.880655831608465,0.5,13.940327915804232
146172354,planet,backend/data/lightcurves/planets/TIC_146172354.csv,3.7800268830689907,0.129,3.096,2285.0472506039223,0.0018977735808103358,0.18977735808103358,16.1097773870155,0.0011186526636028263,18475,666,6,0.00041144126721837093,-9.504939541371549e-05,0.0006857186453919084,23.82227310171811,0.5,11.911136550859055
146589986,planet,backend/data/lightcurves/planets/TIC_146589986.csv,5.671117407440127,0.129,3.096,2283.818008294809,0.0019395939952732144,0.19395939952732144,13.83634472191493,0.0008296501345449104,19107,444,4,0.00023107002831579404,-2.2300469584402016e-05,0.0008141805279449077,24.171627186188744,0.5,12.085813593094372
149603524,planet,backend/data/lightcurves/planets/TIC_149603524.csv,4.4110454442379945,0.153,3.6719999999999997,1326.08007805538,0.003791750056448162,0.3791750056448162,36.86759666826327,0.0004810864364793096,17744,71,7,0.0008265895173564797,-1.9919821009573013e-05,,27.880674144442537,0.5,13.940337072221268
158297421,planet,backend/data/lightcurves/planets/TIC_158297421.csv,3.9231038675941834,0.054,1.296,1659.8814280849515,0.02421004803398019,2.421004803398019,22.513418746907135,0.054359366177753256,16626,195,6,0.00305753475576942,-0.0008767284250303931,0.014249139926048815,25.1083279329805,0.5,12.55416396649025
16288184,planet,backend/data/lightcurves/planets/TIC_16288184.csv,2.181008544606214,0.105,2.52,1628.9804330573713,0.01040554835035612,1.040554835035612,53.320897217713885,0.0362528788398877,15866,669,11,0.0003839963121300416,2.0226002873324767e-05,0.00282999305176046,24.83617610436545,0.5,12.418088052182725
201604954,planet,backend/data/lightcurves/planets/TIC_201604954.csv,0.6339603782526338,0.3,7.199999999999999,1654.438420167354,0.007676793286468531,0.7676793286468531,99.00898571150617,0.28996527123471627,19378,9007,45,0.00026665952324222975,-0.007674605629697351,0.0006383740377300384,28.436060582314894,0.5,14.218030291157447
201642601,planet,backend/data/lightcurves/planets/TIC_201642601.csv,3.1314160094840053,0.078,1.8719999999999999,1656.9911155470593,0.0109730105814001,1.09730105814001,33.44788448065909,0.028136300404002994,19439,495,9,0.0005248004799489614,-0.00032416342314744995,0.0025455423478935035,28.43612129337066,0.5,14.21806064668533
20318757,planet,backend/data/lightcurves/planets/TIC_20318757.csv,3.2842644207835336,0.054,1.296,2282.665947686219,0.0011230380083473435,0.11230380083473435,8.190902838905828,0.00021736400600859957,18524,372,8,0.00047714449060720643,-3.7747567529722303e-05,0.0003219543256911539,23.85100542258715,0.5,11.925502711293575
231663901,planet,backend/data/lightcurves/planets/TIC_231663901.csv,1.430321492922072,0.054,1.296,1326.0083471613705,0.01515045471828358,1.515045471828358,97.1461180639773,0.07198162337000964,18276,668,19,0.00031691489403340434,0.0003925593174149977,0.005787837749735569,27.88002124610125,0.5,13.940010623050625
231670397,planet,backend/data/lightcurves/planets/TIC_231670397.csv,4.088841992836453,0.201,4.824,1327.6716960216863,0.0017163264170595438,0.17163264170595438,53.43040166284656,0.001433052437642827,18277,911,7,0.0002839455766188159,3.427776253273063e-05,0.000386326541517934,27.880026094566574,0.5,13.940013047283287
261369656,planet,backend/data/lightcurves/planets/TIC_261369656.csv,5.489829458280578,0.078,1.8719999999999999,2039.1304757493344,0.0016786462701741112,0.16786462701741112,8.86680602560068,0.0003845012501563327,16149,251,4,0.0016984943098194982,0.0001435062646720775,0.0002748753681975913,20.428235655766684,0.5,10.214117827883342
295541511,planet,backend/data/lightcurves/planets/TIC_295541511.csv,0.5071290227952441,0.3,7.199999999999999,2361.990920961568,8.589041167605949e-05,0.008589041167605949,3.0143366849950146,0.00011832040841496947,19367,11431,55,3.470786682113758e-05,,4.787581921328332e-05,27.947656787810956,0.5,13.973828393905478
299799658,planet,backend/data/lightcurves/planets/TIC_299799658.csv,4.1174613374193445,0.054,1.296,1325.4205690342862,0.0003502492159506154,0.03502492159506154,7.5975282195795195,1.800844583041526e-05,18275,270,7,9.855620333021342e-05,-2.8103710497329182e-05,0.00023171794396159573,27.88031855884242,0.5,13.94015927942121
304100538,planet,backend/data/lightcurves/planets/TIC_304100538.csv,0.500028947410215,0.276,6.6240000000000006,1325.435785641407,0.0002062383611812768,0.02062383611812768,25.702372428617366,0.00022153712155588206,18275,10199,56,7.34310533645477e-05,,0.00010333471909895753,27.880398222662052,0.5,13.940199111331026
31553893,planet,backend/data/lightcurves/planets/TIC_31553893.csv,5.599212522917789,0.078,1.8719999999999999,1657.388828959244,0.0005557578009514064,0.05557578009514064,10.190195473935761,3.805348809569265e-05,17069,218,5,0.00010182544906778279,1.587576054051798e-05,0.0001128329756874269,25.126536227518955,0.5,12.563268113759477
317060587,planet,backend/data/lightcurves/planets/TIC_317060587.csv,9.146379132624894,0.105,2.52,1332.941261941924,0.0002615830922439999,0.02615830922439999,6.655821233603824,7.568334838444204e-06,18276,222,3,4.547626648077063e-05,-3.6177275370641304e-05,0.00019932129240129992,27.880047785534998,0.5,13.940023892767499
31858843,planet,backend/data/lightcurves/planets/TIC_31858843.csv,2.977794486398121,0.105,2.52,1658.5571906620805,0.008295060866870374,0.8295060866870374,105.89891849670693,0.009362248595976964,16718,297,8,0.00028413775458313584,0.00012116698952502336,0.001128436623476281,25.087659864733723,0.5,12.543829932366862
320004517,planet,backend/data/lightcurves/planets/TIC_320004517.csv,8.73668670588274,0.153,3.6719999999999997,1661.0667721014527,0.000524298275729973,0.0524298275729973,23.693368861798547,3.801997723514752e-05,19435,327,3,0.0006268133179884172,9.696310827922439e-06,0.00010327094346740395,28.436286794048783,0.5,14.218143397024392
323132914,planet,backend/data/lightcurves/planets/TIC_323132914.csv,5.642029595816455,0.03,0.72,1574.8114501189502,0.00045689189949260633,0.045689189949260633,5.432533400888331,8.892381491104407e-06,15198,86,4,0.0002136503906619014,3.9120782733159665e-05,1.8608758350913135e-06,24.503235743307414,0.5,12.251617871653707
327301957,planet,backend/data/lightcurves/planets/TIC_327301957.csv,13.920302269231735,0.129,3.096,1662.667497798105,0.0008089123031069789,0.08089123031069789,6.960810549653514,6.789792201783162e-05,17955,186,2,0.0002732727992110773,5.2808610439103454e-05,3.001047200468232e-05,28.436328883077294,0.5,14.218164441538647
336732616,planet,backend/data/lightcurves/planets/TIC_336732616.csv,3.5477665624416534,0.129,3.096,1327.2529904759197,0.006790885981354355,0.6790885981354355,74.86454547603383,0.015410632452734439,18182,691,8,0.0003566595398981631,0.0004039506642459223,0.0012103801063421127,27.742664142731428,0.5,13.871332071365714
341420329,planet,backend/data/lightcurves/planets/TIC_341420329.csv,5.233305739857351,0.129,3.096,2232.449204224643,0.009916910523900202,0.9916910523900202,57.35664067941567,0.004649325024481654,16569,97,5,0.000662159450478983,0.00013700195605326204,,25.044819628053574,0.5,12.522409814026787
351601843,planet,backend/data/lightcurves/planets/TIC_351601843.csv,0.6048902458121359,0.03,0.72,1654.2483363392162,0.0008161550405563212,0.08161550405563212,10.38835035397499,0.00025623270113364844,13881,689,47,0.0001585131096989434,0.00019259643695801465,8.860576608926696e-05,28.43647240896621,0.5,14.218236204483105
355703913,planet,backend/data/lightcurves/planets/TIC_355703913.csv,2.105515491122146,0.03,0.72,1326.1088839951924,0.010003233000783318,1.0003233000783318,21.8164125310975,0.011187878386113025,18274,232,13,0.0002640051844708946,0.0010683450044732812,0.0030249491478876456,27.88072663564003,0.5,13.940363317820015
360742636,planet,backend/data/lightcurves/planets/TIC_360742636.csv,2.549272914474925,0.078,1.8719999999999999,1654.1652037246806,0.011700208216039787,1.1700208216039787,124.9932128523393,0.04425809889855688,19102,654,12,0.0004528215652076506,0.00024483338117908815,0.001434482185719843,28.43631365246074,0.5,14.21815682623037
361413119,planet,backend/data/lightcurves/planets/TIC_361413119.csv,6.074819684005654,0.054,1.296,2286.872035777358,0.004315020464799479,0.43150204647994794,39.02180308341764,0.0010348769561588321,15920,116,4,0.0004982022428157151,0.0003764564454763475,0.002072424231320258,24.17662464749992,0.5,12.08831232374996
366989877,planet,backend/data/lightcurves/planets/TIC_366989877.csv,0.5391546524804378,0.3,7.199999999999999,1654.180038440535,3.2740987131241184e-05,0.0032740987131241184,7.4309413052952875,7.980334519090393e-06,19436,10943,53,1.43194839078431e-05,,1.0093440482861205e-05,28.436523743466523,0.5,14.218261871733262
369960846,planet,backend/data/lightcurves/planets/TIC_369960846.csv,1.6064277338391493,0.078,1.8719999999999999,1654.1028896287676,0.011937205021871677,1.1937205021871677,41.76367208223908,0.06477711913546788,19436,917,18,0.0009422273477344145,0.00028849645071127306,0.006000713443690575,28.43580171747999,0.5,14.217900858739995
379286801,planet,backend/data/lightcurves/planets/TIC_379286801.csv,4.45367054844753,0.054,1.296,3101.0385168466996,0.0062116911861875845,0.6211691186187585,52.15102823735004,0.002777002506381047,14708,154,5,0.0006386375455382787,-0.0003090842953802353,0.00247499527909123,24.649164245600332,0.5,12.324582122800166
380783252,planet,backend/data/lightcurves/planets/TIC_380783252.csv,9.447737421368968,0.054,1.296,1660.541607301379,0.017616207769536096,1.7616207769536096,89.0235343644455,0.016245918587451693,19435,117,3,0.00010060907114317619,4.3695200225846165e-05,0.008740139667132274,28.43428336789475,0.5,14.217141683947375
388104525,planet,backend/data/lightcurves/planets/TIC_388104525.csv,2.499666972963846,0.105,2.52,1327.4101760192727,0.01027372809525784,1.027372809525784,115.62766557790225,0.0422849177829614,18276,808,11,0.0002468383911571337,0.00011430216811114668,0.0026004392217625627,27.880901009959643,0.5,13.940450504979822
38846515,planet,backend/data/lightcurves/planets/TIC_38846515.csv,2.8491223612908065,0.129,3.096,1329.5968299362526,0.004461512921692501,0.4461512921692501,90.32526756250213,0.007029266261859494,15880,708,9,6.137343654344374e-05,6.1007450511185723e-05,0.0007634499412458862,26.10168073895852,0.5,13.05084036947926
406976746,planet,backend/data/lightcurves/planets/TIC_406976746.csv,12.781878028730732,0.105,2.52,1628.157697961156,0.002390349355795185,0.2390349355795185,35.31421250613497,0.0002721986803843893,17329,109,2,0.0031178571315891856,-2.2170382072195238e-05,0.000500316153509428,26.51404651211442,0.5,13.25702325605721
409934330,planet,backend/data/lightcurves/planets/TIC_409934330.csv,2.4886123774304347,0.105,2.52,1655.3536820954337,0.002453762581323904,0.2453762581323904,95.91398180124479,0.002033231181415361,19095,715,11,9.029782014458032e-05,0.0001389307727898137,0.0008217006712335495,28.436223169583172,0.5,14.218111584791586
421894914,planet,backend/data/lightcurves/planets/TIC_421894914.csv,5.3009653591838,0.078,1.8719999999999999,1326.0786512649463,0.00025732360569152846,0.025732360569152846,5.826732382167938,1.2901834738362529e-05,18277,332,6,2.1137911509816476e-05,9.40613593691797e-06,7.762111705267305e-05,27.880037748206178,0.5,13.940018874103089
427508467,planet,backend/data/lightcurves/planets/TIC_427508467.csv,0.8842887701447352,0.054,1.296,2229.520629025417,0.0011333431591076248,0.11333431591076248,40.512766248873156,0.0006802013090704954,16931,1000,28,9.675476006065775e-05,2.1950657060454404e-05,0.0004923769501365971,25.087351392327037,0.5,12.543675696163518
461867584,planet,backend/data/lightcurves/planets/TIC_461867584.csv,4.422639468341122,0.129,3.096,2284.2095484987167,0.002976427029127704,0.2976427029127704,31.03485541412899,0.0021023442692670027,19104,444,5,0.0001585302970007474,-0.00016197817052387986,2.0772190512552413e-05,24.171781331250713,0.5,12.085890665625357
463402815,planet,backend/data/lightcurves/planets/TIC_463402815.csv,1.008860324457487,0.054,1.296,2282.82810953038,0.0023953678976188497,0.23953678976188497,22.394456417217054,0.0028113303937134324,19112,999,23,0.0005844476214565963,-0.0001282978354046893,0.001261720404884925,24.1718548824515,0.5,12.08592744122575
65212867,planet,backend/data/lightcurves/planets/TIC_65212867.csv,6.996064614848675,0.153,3.6719999999999997,2233.9396501216243,0.0013674867424862125,0.13674867424862125,17.278558340487017,0.00024598642120963256,16903,257,3,0.00047869565874247844,-1.721006302290995e-05,0.0002589061377306079,25.064598679531628,0.5,12.532299339765814
6663331,planet,backend/data/lightcurves/planets/TIC_6663331.csv,3.1804906323428614,0.078,1.8719999999999999,1659.8128844493265,0.012716134054030936,1.2716134054030936,30.39484598937579,0.03617248683215717,16648,437,8,6.501490229504636e-05,0.0003785713896808929,0.00446069939051108,25.356860524003423,0.5,12.678430262001712
66818296,planet,backend/data/lightcurves/planets/TIC_66818296.csv,3.7354237337104874,0.153,3.6719999999999997,1630.8622366213874,0.009637740415505247,0.9637740415505247,90.04884646569477,0.015552068410104859,13765,371,6,0.00048294045099839256,0.0003859300520394626,0.0011645594102016599,23.944004147836495,0.5,11.972002073918247
7088246,planet,backend/data/lightcurves/planets/TIC_7088246.csv,2.160233078742179,0.054,1.296,1658.6691517241754,0.010610574701032438,1.0610574701032438,20.95873507777309,0.02230887263745187,17072,422,11,0.001304910783872848,-0.00022725131284606626,0.004781307705027604,25.123573490728177,0.5,12.561786745364088
79748331,planet,backend/data/lightcurves/planets/TIC_79748331.csv,11.491346786947162,0.078,1.8719999999999999,1664.505451114407,0.000986545155500007,0.09865451555000071,9.346845716375196,4.416352159683749e-05,16591,106,2,5.537030667435161e-05,-0.00012567942140706556,0.00019660677028177087,24.37244840357016,0.5,12.18622420178508
88863718,planet,backend/data/lightcurves/planets/TIC_88863718.csv,1.9288988935990574,0.078,1.8719999999999999,2230.758926380566,0.0008904267791820519,0.0890426779182052,13.491855226846223,0.00030248425503594543,16825,667,13,0.00020162071620832833,-1.782537816641394e-05,0.00017628901643285122,25.01618106732576,0.5,12.50809053366288
92352620,planet,backend/data/lightcurves/planets/TIC_92352620.csv,3.9501976041071134,0.177,4.247999999999999,1328.2998118785179,0.006881515464096877,0.6881515464096877,78.7451943615106,0.0028494200774968562,17523,151,7,5.98846542740894e-05,0.00013512481253408204,,27.743993984281587,0.5,13.871996992140794
106997505,false_positive,backend/data/lightcurves/false_positives/TIC_106997505.csv,2.7465117630666245,0.105,2.52,2231.1853803773274,0.0003207355098476805,0.03207355098476805,10.742607265873662,3.4980596877734786e-05,16796,601,9,6.416403117914804e-05,6.801626454233656e-05,4.04849464129553e-05,24.945553307758473,0.5,12.472776653879237
112395568,false_positive,backend/data/lightcurves/false_positives/TIC_112395568.csv,0.5401596040344814,0.105,2.52,1657.2117481890455,0.0002842908092814955,0.028429080928149553,24.88873920281061,0.000140600318939111,17258,3321,47,4.0386353295396304e-05,0.00022559971103575105,6.521888697352818e-05,25.389105535930412,0.5,12.694552767965206
124709665,false_positive,backend/data/lightcurves/false_positives/TIC_124709665.csv,1.8685790705074323,0.054,1.296,2202.273763504536,0.0012221949064011861,0.12221949064011861,16.998366998291775,0.000324533771277294,17416,505,14,5.9578619265865385e-06,-2.8087728247250254e-05,0.0008479852561398271,25.84055664355128,0.5,12.92027832177564
139853601,false_positive,backend/data/lightcurves/false_positives/TIC_139853601.csv,0.6806817430868897,0.078,1.8719999999999999,2229.564152237867,0.0010633513912858827,0.10633513912858827,44.05817322264429,0.0010700781150892024,16918,1930,37,0.00021742728063034455,8.662882627441526e-05,0.0008510585773822132,25.051825585917868,0.5,12.525912792958934
140706664,false_positive,backend/data/lightcurves/false_positives/TIC_140706664.csv,3.297239173754412,0.153,3.6719999999999997,2258.3331113543163,0.0011560362263843826,0.11560362263843826,8.65516171561167,0.0003201904120561421,16498,660,7,0.0002714433422521534,-6.697796326349259e-05,0.0003118489314944961,24.290007569653426,0.5,12.145003784826713
140830390,false_positive,backend/data/lightcurves/false_positives/TIC_140830390.csv,0.513162774816757,0.3,7.199999999999999,1599.5680511072092,0.0002588601619033515,0.025886016190335148,7.822312242964498,0.00036727682164981745,14293,8302,48,9.330556352593611e-05,,7.370326419087192e-05,24.494758190732,0.5,12.247379095366
141482386,false_positive,backend/data/lightcurves/false_positives/TIC_141482386.csv,0.7822917506389955,0.129,3.096,2036.8502847220489,0.0002789112011716277,0.02789112011716277,6.4003843859743395,0.00016629093291952202,19696,3217,31,1.9774476789691242e-05,0.00014387127330739435,9.217720374210536e-06,24.26635406698415,0.5,12.133177033492075
143257766,false_positive,backend/data/lightcurves/false_positives/TIC_143257766.csv,1.6621331315379748,0.129,3.096,2037.1099838802459,0.0026505341372877744,0.26505341372877744,24.342540550669312,0.0037131549298141118,15983,1111,12,2.8133560226906162e-05,7.802079020868824e-05,0.000857117240133487,20.36205372366385,0.5,10.181026861831924
143994283,false_positive,backend/data/lightcurves/false_positives/TIC_143994283.csv,1.1916430266861702,0.03,0.72,2229.0568429343352,0.0007062831331904329,0.07062831331904329,4.49789614494065,0.0001320964847090006,16950,410,21,0.00032048123040639975,-4.0207881030984716e-05,0.0003438219278697474,25.050704472920188,0.5,12.525352236460094
155044736,false_positive,backend/data/lightcurves/false_positives/TIC_155044736.csv,0.5,0.3,7.199999999999999,2229.267942947476,0.00027287978573264926,0.027287978573264926,7.216541989057707,0.000311313765650735,16914,10142,50,0.00016222459300452297,,4.544362055780571e-05,25.02081996786501,0.5,12.510409983932504
156115721,false_positive,backend/data/lightcurves/false_positives/TIC_156115721.csv,2.5056696296853787,0.105,2.52,2229.9781723366036,0.0013852932102746962,0.13852932102746962,17.991211936152244,0.0007687866417767597,16979,754,10,5.051181744541999e-06,-3.27146408248824e-05,0.00015946356161544717,25.094944897778987,0.5,12.547472448889494
169904935,false_positive,backend/data/lightcurves/false_positives/TIC_169904935.csv,4.550148845039846,0.105,2.52,2229.763248635697,0.002240207263619398,0.22402072636193981,30.188172713218542,0.001134664908948845,16984,452,6,1.2708979869602288e-05,-5.402867004877798e-05,0.0012531570670937242,25.09417177084424,0.5,12.54708588542212
175310067,false_positive,backend/data/lightcurves/false_positives/TIC_175310067.csv,11.301844070587002,0.153,3.6719999999999997,2240.2549216406087,0.0012447086210138902,0.12447086210138902,5.318692581484731,0.00024157136397272958,16974,235,2,7.680156703504526e-05,-0.00023440171892474826,4.8247995497074925e-05,25.059783641724607,0.5,12.529891820862304
182943944,false_positive,backend/data/lightcurves/false_positives/TIC_182943944.csv,1.1036281576810432,0.078,1.8719999999999999,2230.0122939590724,0.0019399094553597118,0.19399094553597118,44.734174046475594,0.002098903252132693,16941,1120,22,6.154107062850134e-05,0.0001268606881521528,0.0012458055416610936,25.05175986787799,0.5,12.525879933938995
238374636,false_positive,backend/data/lightcurves/false_positives/TIC_238374636.csv,1.3235341547812867,0.105,2.52,2229.2365406812214,0.0019279065989564748,0.19279065989564748,74.27390764849913,0.002547575317229119,16929,1361,19,0.00010049622224050925,6.719282773315349e-05,0.0008696785375039706,25.044807551127633,0.5,12.522403775563816
238597883,false_positive,backend/data/lightcurves/false_positives/TIC_238597883.csv,3.578320340515764,0.105,2.52,2229.550350862348,0.0002566995238466596,0.02566995238466596,4.083548639194999,4.4200397451219475e-05,16989,528,7,7.016582046837083e-05,-1.3851137620868315e-05,0.0002441207562551284,25.09482472400032,0.5,12.54741236200016
24094603,false_positive,backend/data/lightcurves/false_positives/TIC_24094603.csv,4.078402796407933,0.078,1.8719999999999999,1654.5237557735722,0.0016171576217955952,0.16171576217955952,11.617660724351493,2.3092787061125734e-05,1308,24,7,2.547198694902164e-05,9.299029315879004e-05,0.000104429399434669,28.395321248910705,0.5,14.197660624455352
253990973,false_positive,backend/data/lightcurves/false_positives/TIC_253990973.csv,0.5409610828320196,0.054,1.296,1657.5013835503783,0.0003413342615807835,0.03413342615807835,15.292500479362266,0.00010168573312512183,17220,1663,46,2.7370923713077033e-05,-3.823784372902761e-05,0.00021799420953527715,25.334680489456787,0.5,12.667340244728393
259863352,false_positive,backend/data/lightcurves/false_positives/TIC_259863352.csv,0.6484722432792035,0.129,3.096,1325.8629100534956,2.3540365495566817e-05,0.0023540365495566817,6.1441114767180816,9.010655374450364e-07,18273,3626,43,7.854324081124631e-07,1.467681930478193e-05,1.6580375106767242e-05,27.880628614637544,0.5,13.940314307318772
290348382,false_positive,backend/data/lightcurves/false_positives/TIC_290348382.csv,3.1210643958642477,0.3,7.199999999999999,1654.491206305622,0.00156764516859631,0.156764516859631,9.310174847627332,0.0003307654577280596,1308,127,9,0.0012155948066441269,-9.257542831919707e-05,0.00032463213966804627,28.39606537251484,0.5,14.19803268625742
291555748,false_positive,backend/data/lightcurves/false_positives/TIC_291555748.csv,4.9583326471446885,0.078,1.8719999999999999,2201.956137400561,0.004601656407815513,0.4601656407815513,53.293666476661286,0.0032736018682315285,17457,336,6,0.0004299466218417036,1.422551277574513e-05,0.003518573695522109,25.839377345005232,0.5,12.919688672502616
295599256,false_positive,backend/data/lightcurves/false_positives/TIC_295599256.csv,7.144615208428777,0.054,1.296,4077.3517505066743,0.007963936179035014,0.7963936179035014,49.89906258003247,0.004706777466444402,15580,155,4,0.0008099917869675011,0.0003135906436922964,0.007464153490480685,24.56666603496251,0.5,12.283333017481255
297967252,false_positive,backend/data/lightcurves/false_positives/TIC_297967252.csv,9.6825024526052,0.078,1.8719999999999999,1545.1518643855227,0.002197864014581552,0.2197864014581552,132.8418988762426,0.00020535791158613582,16442,92,3,0.00022898827886830286,1.716894608749797e-05,,24.591751301234126,0.5,12.295875650617063
304021498,false_positive,backend/data/lightcurves/false_positives/TIC_304021498.csv,5.649091576605365,0.078,1.8719999999999999,2282.2361819133325,0.0010885667281206324,0.10885667281206324,7.382600737697523,0.00014649176489437522,19111,269,5,0.00022896373903780187,6.570691324592204e-05,5.0471333481016956e-05,24.17210030002343,0.5,12.086050150011715
309787037,false_positive,backend/data/lightcurves/false_positives/TIC_309787037.csv,1.3048822598426644,0.054,1.296,2255.756258085174,0.0009000851142028088,0.09000851142028088,10.333472609845252,0.00020726899833347357,16487,652,19,0.00020586526012533746,-0.0001173869900323865,0.00023163716090179864,24.30306186299913,0.5,12.151530931499565
310483807,false_positive,backend/data/lightcurves/false_positives/TIC_310483807.csv,0.5104105018073934,0.3,7.199999999999999,2255.8628060315546,6.773800475046166e-05,0.0067738004750461656,6.567239691459861,1.9267755326217066e-05,16499,9863,48,2.6840778165726498e-05,,3.1420134757653706e-05,24.31630727303036,0.5,12.15815363651518
31858844,false_positive,backend/data/lightcurves/false_positives/TIC_31858844.csv,2.9777945214579624,0.105,2.52,1658.5571906620805,1.3343200344440262,133.43200344440262,135.46511112558272,245.1177025747184,16730,310,8,0.0232870574289894,0.019566290679149945,0.16902067203743387,25.0876598349314,0.5,12.5438299174657
360286627,false_positive,backend/data/lightcurves/false_positives/TIC_360286627.csv,11.861625773613559,0.3,7.199999999999999,2293.360683726816,0.00201967960453886,0.201967960453886,6.592144200801541,0.001580624542282042,19079,249,2,,0.00019540653409921838,0.0004424255313253411,24.17218686353408,0.5,12.08609343176704
363260203,false_positive,backend/data/lightcurves/false_positives/TIC_363260203.csv,0.6035094923131396,0.153,3.6719999999999997,2282.3761165582023,0.00019607009280098175,0.019607009280098175,9.885717243769305,0.00010352393374692503,19100,4901,40,0.00016254451311570328,-7.815869328453573e-05,0.00010521140342256707,24.17231965942301,0.5,12.086159829711505
369864738,false_positive,backend/data/lightcurves/false_positives/TIC_369864738.csv,6.670127659422049,0.03,0.72,2040.1892905866753,0.0010682118571532229,0.10682118571532229,5.48006960236581,4.652336568903411e-05,16771,85,4,0.0003234476125756336,0.0005155725867100891,0.0007237401513201513,24.363617093418725,0.5,12.181808546709362
370745311,false_positive,backend/data/lightcurves/false_positives/TIC_370745311.csv,0.6262112034077351,0.03,0.72,2281.9002025106956,0.0014845928193853997,0.14845928193853997,17.4069995709063,0.0009891192541218983,19109,932,39,3.702935893079573e-05,0.00027162788135770555,0.0010986908703189968,24.172389353201652,0.5,12.086194676600826
374908020,false_positive,backend/data/lightcurves/false_positives/TIC_374908020.csv,12.715841588964674,0.078,1.8719999999999999,1365.8990307823535,0.004576761699238485,0.4576761699238485,59.73650025494093,4.508435627874021e-05,1228,5,2,,2.7463398544647077e-05,,27.3541960519467,0.5,13.67709802597335
384549882,false_positive,backend/data/lightcurves/false_positives/TIC_384549882.csv,0.6081190475786188,0.03,0.72,2256.130502371432,0.0013498969373857417,0.13498969373857417,28.866144175689676,0.0007009725936292949,16473,823,40,9.460080600631748e-05,0.0010279868829285999,0.000666113669026136,24.315649454082177,0.5,12.157824727041088
385624852,false_positive,backend/data/lightcurves/false_positives/TIC_385624852.csv,8.305736269317963,0.078,1.8719999999999999,2261.803486187374,0.004549577915496483,0.4549577915496483,50.541120092938584,0.0009155034616515026,16438,94,3,,-6.103238984356274e-05,0.001430483804390703,24.315695650243015,0.5,12.157847825121507
388624270,false_positive,backend/data/lightcurves/false_positives/TIC_388624270.csv,0.5084652855052633,0.225,5.4,2229.370047272027,0.00015754821882807413,0.015754821882807413,6.096317830738422,0.00011301228958781263,17008,7444,49,5.8798416690875044e-05,-9.492099151597877e-05,2.2442241591869028e-05,25.09539675662154,0.5,12.54769837831077
400595342,false_positive,backend/data/lightcurves/false_positives/TIC_400595342.csv,0.8795565213694044,0.054,1.296,2255.6930214402,0.0002652076421335581,0.026520764213355807,3.7114445530064315,7.019675940582809e-05,16495,1021,28,1.1220532946998318e-05,3.39563347313554e-05,0.0001256329730261463,24.315960766560238,0.5,12.157980383280119
412014494,false_positive,backend/data/lightcurves/false_positives/TIC_412014494.csv,11.46428931626247,0.054,1.296,2041.7067475933864,0.005444122048402056,0.5444122048402056,30.66809083003102,0.001355771531552184,18605,93,2,0.00024786256235032056,-0.0003142215352475164,0.0028473430704715197,23.510023683080817,0.5,11.755011841540409
440801822,false_positive,backend/data/lightcurves/false_positives/TIC_440801822.csv,0.5079065068154406,0.3,7.199999999999999,2201.920492595209,5.6613037304864555e-05,0.0056613037304864555,4.743808642226263,4.07841765339531e-05,17414,10337,51,2.7311415877973033e-05,,2.0251952079664015e-05,25.841148412411258,0.5,12.920574206205629
446549905,false_positive,backend/data/lightcurves/false_positives/TIC_446549905.csv,2.4547488940736497,0.078,1.8719999999999999,2037.5249000997865,0.0028157976458824674,0.28157976458824674,32.24563540263934,0.0023713600580571727,16708,559,10,4.334361537883247e-05,0.00014439785015185613,0.0001312332569949337,24.36361128895055,0.5,12.181805644475276
447283466,false_positive,backend/data/lightcurves/false_positives/TIC_447283466.csv,11.874415462818147,0.177,4.247999999999999,1555.480916643653,0.0004937254216184073,0.04937254216184073,18.6117275814587,3.1335662876087324e-05,16519,238,2,0.0008211365522039493,6.489775092688443e-05,0.00019469532685634228,24.590697577749552,0.5,12.295348788874776
464296022,false_positive,backend/data/lightcurves/false_positives/TIC_464296022.csv,0.8005926406661408,0.3,7.199999999999999,2282.0902375963146,0.00048580176701185085,0.048580176701185085,19.061367725063942,0.0009406868822475657,19110,7156,30,6.945891646026325e-05,-0.0005223136860668109,0.00010933924653211413,24.1718667714822,0.5,12.0859333857411
47384844,false_positive,backend/data/lightcurves/false_positives/TIC_47384844.csv,3.153120024801382,0.105,2.52,1547.333431861112,0.0004176135130005143,0.04176135130005143,14.543200024530648,5.203485538237765e-05,15779,446,7,0.0001544953069878563,-3.921563033304487e-05,0.00016344756549968587,24.094225651164834,0.5,12.047112825582417
50309953,false_positive,backend/data/lightcurves/false_positives/TIC_50309953.csv,3.5200382465932667,0.105,2.52,1326.4662270658737,0.0004975592316586175,0.04975592316586175,13.629308348312133,6.764256891872099e-05,18277,581,8,0.0003614737983576033,3.706594838304156e-05,0.00012106587019899973,27.880324764477564,0.5,13.940162382238782
50365310,false_positive,backend/data/lightcurves/false_positives/TIC_50365310.csv,2.1683199925665044,0.054,1.296,2229.6633682845027,0.0004944035436265093,0.04944035436265093,5.718669785443149,6.910229860501775e-05,16984,466,12,0.00011865680955192026,0.00011209911564147301,0.00018249099825262682,25.090834821013686,0.5,12.545417410506843
54044474,false_positive,backend/data/lightcurves/false_positives/TIC_54044474.csv,3.7047863349948047,0.153,3.6719999999999997,2283.0220792509635,0.0035391951703652724,0.35391951703652724,93.35562907630059,0.004115323247422531,15515,655,7,0.000285858963882446,0.0001629368609729065,0.0007216967632498461,23.90824101531507,0.5,11.954120507657535
90448944,false_positive,backend/data/lightcurves/false_positives/TIC_90448944.csv,0.7212118614371246,0.078,1.8719999999999999,2256.3256105173077,0.0003172351897415826,0.03172351897415826,7.044628118234103,9.796157893373901e-05,16470,1780,33,0.0002447157213981699,8.90674206835973e-05,7.349478935891884e-05,24.31565681384791,0.5,12.157828406923954
90544017,false_positive,backend/data/lightcurves/false_positives/TIC_90544017.csv,5.092259679544195,0.078,1.8719999999999999,2256.7608584375616,0.0005397779538819369,0.053977795388193694,7.413103764034597,5.324608117787326e-05,16483,324,5,0.0004355317395761116,2.5333597228893723e-06,0.0001392586628441439,24.31583337443817,0.5,12.157916687219085
90919952,false_positive,backend/data/lightcurves/false_positives/TIC_90919952.csv,4.140060534205612,0.129,3.096,1656.0252541239531,0.004554823038454003,0.45548230384540034,37.573723831326475,0.00037692582012364663,1306,37,7,0.0005966858307192568,5.73063533115814e-06,0.000963981994330676,28.39557844221349,0.5,14.197789221106746
96246348,false_positive,backend/data/lightcurves/false_positives/TIC_96246348.csv,1.409654446297091,0.054,1.296,2201.9721400417257,0.0025975181777402323,0.25975181777402323,65.76717021226789,0.002298528748661089,17432,697,19,0.00011816048879453867,0.00037018102866148705,0.002492659128525032,25.840074273895425,0.5,12.920037136947712
97700520,false_positive,backend/data/lightcurves/false_positives/TIC_97700520.csv,5.421888856529501,0.105,2.52,2205.126731746964,0.008443343332029896,0.8443343332029896,120.34488356845539,0.011755741657235221,17434,376,5,1.5749691121058618e-05,0.0013161647817593325,0.0054588695391387665,25.84137265927484,0.5,12.92068632963742
1003831,eclipsing_binary,backend/data/lightcurves/eclipsing_binaries/TIC_1003831.csv,1.6510822474167752,0.03,0.72,1518.2022242113035,0.002256834157185139,0.2256834157185139,24.8280486422016,0.0006001136527857493,12907,230,15,0.0005506095643296183,-0.0001722066014361312,0.0008710508930298566,23.976113077349737,0.5,11.988056538674869
101462,eclipsing_binary,backend/data/lightcurves/eclipsing_binaries/TIC_101462.csv,10.73503679159497,0.129,3.096,1603.4162017787366,0.0029583511654051042,0.2958351165405104,26.222439202871527,0.0015442336247421529,14184,175,2,0.006785425931998823,3.2616743611879606e-05,0.001997379802912591,24.358370648312302,0.5,12.179185324156151
1045298,eclipsing_binary,backend/data/lightcurves/eclipsing_binaries/TIC_1045298.csv,0.7316975200227674,0.153,3.6719999999999997,1411.143517203989,0.1123022309327747,11.23022309327747,161.1229766994089,18.33899963980369,14786,3113,35,0.0034004153200787313,0.04441171535857924,0.07398294398306382,25.589841206676738,0.5,12.794920603338369
1103432,eclipsing_binary,backend/data/lightcurves/eclipsing_binaries/TIC_1103432.csv,3.7264533336306402,0.129,3.096,1519.8738864691286,0.008513718088155042,0.8513718088155042,30.46406677158984,0.012218495123028634,12875,365,6,0.0009938092077752536,0.0004956645901339485,0.002332999060698393,23.928919080982723,0.5,11.964459540491362
1129033,eclipsing_binary,backend/data/lightcurves/eclipsing_binaries/TIC_1129033.csv,1.3599792180720216,0.078,1.8719999999999999,1410.986000157992,0.014045452483882004,1.4045452483882004,239.74549734900023,0.033249193893596575,14329,378,19,0.00045481136954506063,0.00020231412139692928,0.0018803166919111325,25.609414397703404,0.5,12.804707198851702
1129452,eclipsing_binary,backend/data/lightcurves/eclipsing_binaries/TIC_1129452.csv,0.7141600156725112,0.177,4.247999999999999,1411.4478090810956,0.03352680189721302,3.352680189721302,77.17346363217109,1.4009848101564517,14816,3629,36,7.811878330798994e-05,0.019494749261642408,0.019266159867288413,25.60799321344257,0.5,12.803996606721284
1190662,eclipsing_binary,backend/data/lightcurves/eclipsing_binaries/TIC_1190662.csv,0.8880842263425254,0.03,0.72,1518.0972824049825,0.014473483665870202,1.4473483665870202,41.10788626025151,0.04850069610171207,12946,429,27,0.0004385220199368822,8.249046123554038e-05,0.01210175676096481,24.033280733585798,0.5,12.016640366792899
120016,eclipsing_binary,backend/data/lightcurves/eclipsing_binaries/TIC_120016.csv,0.6527434864488286,0.054,1.296,1599.7050863713096,0.08828697678070263,8.828697678070263,52.79780126275021,3.7815836165336276,14184,1199,38,0.002312531309557775,0.09362997070513202,0.03839856355223481,24.35699824256085,0.5,12.178499121280424
1202347,eclipsing_binary,backend/data/lightcurves/eclipsing_binaries/TIC_1202347.csv,2.0753268037221413,0.129,3.096,1519.6573251356983,0.013472365484943238,1.3472365484943238,77.11767843232658,0.02699078987572011,12515,306,11,0.0005993027930900618,0.00029582496616364917,,24.04300526187444,0.5,12.02150263093722
1220444,eclipsing_binary,backend/data/lightcurves/eclipsing_binaries/TIC_1220444.csv,7.165053358464849,0.105,2.52,1440.6318605892964,0.019072957153536074,1.9072957153536074,185.2285964591657,0.007523936449517302,16985,47,4,0.0017920582143108321,3.493883061933545e-05,,25.631854591384126,0.5,12.815927295692063
1230647,eclipsing_binary,backend/data/lightcurves/eclipsing_binaries/TIC_1230647.csv,1.189677199078216,0.054,1.296,1518.7523293059517,0.013595858850714349,1.3595858850714349,217.4570778700913,0.047508604847915414,12978,582,20,0.0002490361494973392,0.002135036828322834,0.010009231895502957,24.08331817738008,0.5,12.04165908869004
1449640,eclipsing_binary,backend/data/lightcurves/eclipsing_binaries/TIC_1449640.csv,3.502048243315795,0.129,3.096,1440.4328425292877,0.009592890780634411,0.9592890780634411,72.15877228094892,0.026663794838593408,17096,557,7,0.0001195091013819205,0.0005418435469588534,0.0009713689715529217,25.476395584838883,0.5,12.738197792419442
1450518,eclipsing_binary,backend/data/lightcurves/eclipsing_binaries/TIC_1450518.csv,0.500620765606251,0.054,1.296,1438.2517861913548,0.21932953317847748,21.932953317847748,134.199907239018,27.304359681617782,17180,1858,51,0.036157751033281005,-0.07570679372126643,0.16183769518694113,25.55836783125028,0.5,12.77918391562514
1630438,eclipsing_binary,backend/data/lightcurves/eclipsing_binaries/TIC_1630438.csv,0.5858121120555864,0.078,1.8719999999999999,1571.6407923423258,0.026616560214169693,2.6616560214169693,51.73463276431434,0.5317224959864972,14749,1996,42,0.003820680732074977,-0.02408419330774758,0.011598827102221043,24.203963046110403,0.5,12.101981523055201
1630690,eclipsing_binary,backend/data/lightcurves/eclipsing_binaries/TIC_1630690.csv,0.6205468776954237,0.078,1.8719999999999999,1571.792883511941,0.054699868815683006,5.469986881568301,50.789668412741555,2.1114970277077405,14665,1874,39,0.003195156517880382,-0.05135503883267989,0.0236515221423782,24.11786876028964,0.5,12.05893438014482
2020964,eclipsing_binary,backend/data/lightcurves/eclipsing_binaries/TIC_2020964.csv,2.941324091187009,0.054,1.296,1519.4717535553511,0.05068530878155986,5.068530878155986,378.34176567686353,0.1973693374738134,11602,149,8,0.0051147852478384825,-0.00024211476049473823,0.03256264099927042,24.083315510537886,0.5,12.041657755268943
2234723,eclipsing_binary,backend/data/lightcurves/eclipsing_binaries/TIC_2234723.csv,0.6157254242909885,0.276,6.6240000000000006,1816.437849911847,0.001185516494068617,0.11855164940686169,156.8921391116175,0.005504080730455017,16735,7483,40,2.606813365568783e-05,-0.001910500677110738,0.0010281738177744248,24.950088092292845,0.5,12.475044046146422
2236015,eclipsing_binary,backend/data/lightcurves/eclipsing_binaries/TIC_2236015.csv,2.0674850691921742,0.225,5.4,1817.1023394023373,0.03295167339991789,3.295167339991789,247.01204727758204,0.11530301056787093,14806,215,12,0.0010583074348560206,0.00046375322957614706,,24.95008794654109,0.5,12.475043973270544
2353789,eclipsing_binary,backend/data/lightcurves/eclipsing_binaries/TIC_2353789.csv,1.8718093058308967,0.078,1.8719999999999999,1518.763557491539,0.01320932600486402,1.320932600486402,99.2948645011791,0.029826257644954113,12778,371,13,0.00021834241621576655,0.0012266779535013983,0.009356317826790583,24.06534442187626,0.5,12.03267221093813
2372579,eclipsing_binary,backend/data/lightcurves/eclipsing_binaries/TIC_2372579.csv,9.922586689248131,0.129,3.096,1664.7846849879868,0.02433360762132253,2.433360762132253,114.26940926101626,0.009242995095428792,17132,29,2,0.004125582577249154,-3.092153254624641e-05,,25.418228632206592,0.5,12.709114316103296
2595273,eclipsing_binary,backend/data/lightcurves/eclipsing_binaries/TIC_2595273.csv,12.469720953186325,0.054,1.296,1828.530832459328,0.021115968496614124,2.1115968496614124,30.92440576282673,0.00725389695571339,16728,34,2,,0.0006366006360378762,0.006207598393812908,24.93899659763497,0.5,12.469498298817484
2758565,eclipsing_binary,backend/data/lightcurves/eclipsing_binaries/TIC_2758565.csv,3.7831273766118314,0.054,1.296,2089.6522361646857,0.010338457927388411,1.0338457927388411,39.28103221178807,0.011866442973544822,14732,234,7,0.00022340194007619552,0.0018314779407507809,0.006225905448161373,24.263995547688864,0.5,12.131997773844432
3034524,eclipsing_binary,backend/data/lightcurves/eclipsing_binaries/TIC_3034524.csv,0.7150184478481431,0.03,0.72,1816.7227911034831,2.78986098036442,278.986098036442,59.23121236190596,3614.979754244288,16740,699,35,0.13267491705577328,2.8133023937828234,0.8401846422831838,24.950180074832815,0.5,12.475090037416408
3311888,eclipsing_binary,backend/data/lightcurves/eclipsing_binaries/TIC_3311888.csv,2.0004611071426206,0.276,6.6240000000000006,1817.7547430602767,0.03404650823227806,3.404650823227806,215.91967105121785,1.572224116210781,16740,2183,12,0.007176426229980826,0.001305900248144476,0.027587084365327308,24.95019379135124,0.5,12.47509689567562
3815360,eclipsing_binary,backend/data/lightcurves/eclipsing_binaries/TIC_3815360.csv,10.005624969360788,0.177,4.247999999999999,1395.9645213808085,0.0026345590503904504,0.26345590503904504,36.141486890674344,0.0001570042799598291,12823,48,2,,1.562790405973402e-07,,20.18307132241398,0.5,10.09153566120699
3816260,eclipsing_binary,backend/data/lightcurves/eclipsing_binaries/TIC_3816260.csv,7.940856928232927,0.276,6.6240000000000006,1387.7746586650187,0.003707646234676787,0.3707646234676787,16.340562026607433,0.00016671292137879454,12135,20,3,,1.116836823022993e-05,,20.27757784279129,0.5,10.138788921395644
3921749,eclipsing_binary,backend/data/lightcurves/eclipsing_binaries/TIC_3921749.csv,2.8057059957649293,0.129,3.096,1388.6775198395153,0.016433839822028284,1.6433839822028284,93.20274579873958,0.012889904667206074,12334,92,7,0.0018021185069898582,0.00010576153820696099,,20.276243800980637,0.5,10.138121900490319
4164713,eclipsing_binary,backend/data/lightcurves/eclipsing_binaries/TIC_4164713.csv,0.5496406706623899,0.054,1.296,1842.711548668825,0.08776955415406651,8.77695541540665,67.45133979860364,4.070813173593809,16564,1641,48,0.00032032068492993115,0.08781693119384093,0.0453497466687508,26.3168719470043,0.5,13.15843597350215
4206238,eclipsing_binary,backend/data/lightcurves/eclipsing_binaries/TIC_4206238.csv,7.717050408602567,0.078,1.8719999999999999,1475.2852740545852,0.005057309555279943,0.5057309555279943,40.48986216857933,0.0019163340214863036,14412,102,2,0.003323481353559976,-0.000552931558142733,0.0016038406872993516,21.771693695537124,0.5,10.885846847768562
4247738,eclipsing_binary,backend/data/lightcurves/eclipsing_binaries/TIC_4247738.csv,0.651151113914318,0.054,1.296,1842.56316942762,0.1591946506397418,15.919465063974181,173.20466085850555,14.7689417408925,16427,1257,41,0.008500868909123493,0.021200476450620176,0.16482060403771537,26.318309075960997,0.5,13.159154537980498
4254645,eclipsing_binary,backend/data/lightcurves/eclipsing_binaries/TIC_4254645.csv,0.8644650005533803,0.153,3.6719999999999997,1469.0647188024764,0.0019637486920405234,0.19637486920405234,65.86082301649596,0.0038680849873499513,14280,2494,25,7.68252446005091e-05,0.0020197416367757626,0.0007844445767727359,21.771704748008005,0.5,10.885852374004003
4299830,eclipsing_binary,backend/data/lightcurves/eclipsing_binaries/TIC_4299830.csv,0.5350381235528848,0.03,0.72,1842.8271545851323,0.002641009522438731,0.2641009522438731,37.717865060118534,0.0031108462962719545,16564,920,49,0.0004280845730028071,-0.00012778700123672326,0.0007588624899520502,26.318338428454354,0.5,13.159169214227177
4629065,eclipsing_binary,backend/data/lightcurves/eclipsing_binaries/TIC_4629065.csv,5.8971623557466,0.03,0.72,1414.6519218710162,0.014843482820357523,1.4843482820357523,53.96113285278311,0.00365994068327153,14044,35,4,0.0001911765809657906,-0.00019004614185047508,0.00983525913553751,25.598307795874916,0.5,12.799153897937458
4723156,eclipsing_binary,backend/data/lightcurves/eclipsing_binaries/TIC_4723156.csv,8.691143491791776,0.105,2.52,1419.447444009951,0.026970889708088697,2.6970889708088697,19.981630001958816,0.004684456300832894,14610,11,2,,-0.0005199774507284038,,25.59839903754755,0.5,12.799199518773776
4742129,eclipsing_binary,backend/data/lightcurves/eclipsing_binaries/TIC_4742129.csv,1.0360421281084997,0.105,2.52,1410.9813272463143,0.08386390921654019,8.38639092165402,303.3223446515017,2.7326691527672726,13859,669,25,0.0009538753865336869,0.00404247461225038,,25.553926138145698,0.5,12.776963069072849
4957914,eclipsing_binary,backend/data/lightcurves/eclipsing_binaries/TIC_4957914.csv,0.6232229738193134,0.03,0.72,1870.552601603413,0.037001580185641814,3.7001580185641814,91.85510046220448,0.5892395954409656,17323,834,44,0.02742167936310158,-0.0028658622356098062,0.016162924737896933,27.334905861591096,0.5,13.667452930795548
4971740,eclipsing_binary,backend/data/lightcurves/eclipsing_binaries/TIC_4971740.csv,0.8677601951898566,0.078,1.8719999999999999,1871.0985870403215,0.0008305001760728903,0.08305001760728903,30.902623222902086,0.0004745020474722255,17324,1481,31,0.0003950619159431845,-4.295235420448407e-06,0.0003871701747752976,27.3349028170976,0.5,13.6674514085488
5092088,eclipsing_binary,backend/data/lightcurves/eclipsing_binaries/TIC_5092088.csv,5.061025104427981,0.276,6.6240000000000006,1522.6158489420668,0.03130949191662902,3.1309491916629018,63.6331864206704,0.043982174712269125,12454,86,4,0.010705242279165361,0.00020181611793601562,,24.058772062108346,0.5,12.029386031054173
5205367,eclipsing_binary,backend/data/lightcurves/eclipsing_binaries/TIC_5205367.csv,1.9967107290722328,0.252,6.048,2011.5965142624177,0.04696658736493864,4.696658736493864,209.42001726039518,1.4046179984734053,15998,1233,12,0.08161039385176438,-0.0018722692718595724,0.06130121044533221,24.86522685395721,0.5,12.432613426978605
5364915,eclipsing_binary,backend/data/lightcurves/eclipsing_binaries/TIC_5364915.csv,11.145110386059061,0.225,5.4,1524.4365626204794,0.00471531339747111,0.47153133974711103,87.38662650010839,0.000793715702448376,12575,67,2,0.001025826303269639,-0.0006801175394803849,,24.17236942321324,0.5,12.08618471160662
5506314,eclipsing_binary,backend/data/lightcurves/eclipsing_binaries/TIC_5506314.csv,11.978371510810218,0.078,1.8719999999999999,1555.50804615756,0.002049550766902497,0.2049550766902497,29.222991206720884,0.0006738849245817254,15701,113,2,0.006823063027287524,-1.3414068833816906e-05,0.001273199824657012,24.077453611730334,0.5,12.038726805865167
5674169,eclipsing_binary,backend/data/lightcurves/eclipsing_binaries/TIC_5674169.csv,0.6364223246728486,0.054,1.296,1790.818234064765,0.24860798449442756,24.860798449442754,58.26726386799099,24.447678781455757,14775,1308,38,0.00019237269233041143,0.25677188346344115,0.07195785551343725,23.759190402507784,0.5,11.879595201253892
5703872,eclipsing_binary,backend/data/lightcurves/eclipsing_binaries/TIC_5703872.csv,8.143040832654608,0.276,6.6240000000000006,1522.4497077239507,0.0011688334148389767,0.11688334148389767,57.939491193490205,0.0003125216762393706,12968,397,3,,-1.7119660060682662e-05,0.001199275060577376,24.06577989853372,0.5,12.03288994926686
5868998,eclipsing_binary,backend/data/lightcurves/eclipsing_binaries/TIC_5868998.csv,0.6354022238842862,0.03,0.72,1571.842722428934,0.04025452604439739,4.025452604439739,98.19990063132585,0.5319967357769669,14597,688,38,0.0005893896068438487,0.006050249293315102,0.019212154877366716,24.049925731999792,0.5,12.024962865999896
5969274,eclipsing_binary,backend/data/lightcurves/eclipsing_binaries/TIC_5969274.csv,1.0579333938283177,0.078,1.8719999999999999,1571.7370230638483,0.001607350899851201,0.1607350899851201,49.08688884063546,0.0014563271591235196,15059,1123,23,3.737943553339118e-05,-7.595721679309886e-05,0.0007074384973453363,24.395872103019883,0.5,12.197936051509942
5981829,eclipsing_binary,backend/data/lightcurves/eclipsing_binaries/TIC_5981829.csv,1.799075640760449,0.129,3.096,1572.9188151053063,0.04951298438073948,4.951298438073948,307.3877505822719,1.1491213571965306,15059,1015,13,0.0005080715147978143,0.011126374913641213,0.012672258942545533,24.39454350435699,0.5,12.197271752178494
627436,eclipsing_binary,backend/data/lightcurves/eclipsing_binaries/TIC_627436.csv,0.5789159979309448,0.105,2.52,1438.296470271421,0.275951880644121,27.595188064412103,117.02222301822631,76.86111968790684,17102,3132,44,0.0014654679870299558,0.286839207091095,0.12336256452384942,25.520844932664886,0.5,12.760422466332443
737546,eclipsing_binary,backend/data/lightcurves/eclipsing_binaries/TIC_737546.csv,3.0670183013898766,0.3,7.199999999999999,1441.1992651971107,0.08436869187953056,8.436869187953056,281.19185866487027,1.2477375537311268,15829,343,8,0.0033660502895388467,0.00887382819341398,,25.356972001259237,0.5,12.678486000629619
91961,eclipsing_binary,backend/data/lightcurves/eclipsing_binaries/TIC_91961.csv,2.6410378547428155,0.078,1.8719999999999999,1600.1830595078363,0.06886241460798348,6.886241460798348,57.83628778080912,0.12935075020507633,13495,55,9,0.010412859620205328,0.001531787012989283,,24.050009732692388,0.5,12.025004866346194
927579,eclipsing_binary,backend/data/lightcurves/eclipsing_binaries/TIC_927579.csv,7.313398226910384,0.129,3.096,1493.2156282839821,0.0034353739031929287,0.34353739031929287,6.824267140285932,0.0033883504853218062,16342,365,4,0.0016200526091912915,-0.0003537347066806529,0.0012968378937875391,24.454672055394894,0.5,12.227336027697447
